message_id,token
197504.1075840201539.JavaMail.evans@thyme,forwarded
197504.1075840201539.JavaMail.evans@thyme,by
197504.1075840201539.JavaMail.evans@thyme,steven
197504.1075840201539.JavaMail.evans@thyme,j
197504.1075840201539.JavaMail.evans@thyme,kean
197504.1075840201539.JavaMail.evans@thyme,hou
197504.1075840201539.JavaMail.evans@thyme,ees
197504.1075840201539.JavaMail.evans@thyme,on
197504.1075840201539.JavaMail.evans@thyme,am
197504.1075840201539.JavaMail.evans@thyme,karen
197504.1075840201539.JavaMail.evans@thyme,denne
197504.1075840201539.JavaMail.evans@thyme,enron
197504.1075840201539.JavaMail.evans@thyme,am
197504.1075840201539.JavaMail.evans@thyme,to
197504.1075840201539.JavaMail.evans@thyme,steven
197504.1075840201539.JavaMail.evans@thyme,j
197504.1075840201539.JavaMail.evans@thyme,kean
197504.1075840201539.JavaMail.evans@thyme,hou
197504.1075840201539.JavaMail.evans@thyme,ees
197504.1075840201539.JavaMail.evans@thyme,ees
197504.1075840201539.JavaMail.evans@thyme,cc
197504.1075840201539.JavaMail.evans@thyme,subject
197504.1075840201539.JavaMail.evans@thyme,translation
197504.1075840201539.JavaMail.evans@thyme,of
197504.1075840201539.JavaMail.evans@thyme,articles
197504.1075840201539.JavaMail.evans@thyme,forwarded
197504.1075840201539.JavaMail.evans@thyme,by
197504.1075840201539.JavaMail.evans@thyme,karen
197504.1075840201539.JavaMail.evans@thyme,denne
197504.1075840201539.JavaMail.evans@thyme,corp
197504.1075840201539.JavaMail.evans@thyme,enron
197504.1075840201539.JavaMail.evans@thyme,on
197504.1075840201539.JavaMail.evans@thyme,am
197504.1075840201539.JavaMail.evans@thyme,andrew
197504.1075840201539.JavaMail.evans@thyme,morrison
197504.1075840201539.JavaMail.evans@thyme,ect
197504.1075840201539.JavaMail.evans@thyme,am
197504.1075840201539.JavaMail.evans@thyme,to
197504.1075840201539.JavaMail.evans@thyme,karen
197504.1075840201539.JavaMail.evans@thyme,denne
197504.1075840201539.JavaMail.evans@thyme,corp
197504.1075840201539.JavaMail.evans@thyme,enron
197504.1075840201539.JavaMail.evans@thyme,enron
197504.1075840201539.JavaMail.evans@thyme,cc
197504.1075840201539.JavaMail.evans@thyme,iona
197504.1075840201539.JavaMail.evans@thyme,maclean
197504.1075840201539.JavaMail.evans@thyme,lon
197504.1075840201539.JavaMail.evans@thyme,ect
197504.1075840201539.JavaMail.evans@thyme,ect
197504.1075840201539.JavaMail.evans@thyme,subject
197504.1075840201539.JavaMail.evans@thyme,translation
197504.1075840201539.JavaMail.evans@thyme,of
197504.1075840201539.JavaMail.evans@thyme,articles
197504.1075840201539.JavaMail.evans@thyme,karen
197504.1075840201539.JavaMail.evans@thyme,here
197504.1075840201539.JavaMail.evans@thyme,it
197504.1075840201539.JavaMail.evans@thyme,is
197504.1075840201539.JavaMail.evans@thyme,plenty
197504.1075840201539.JavaMail.evans@thyme,of
197504.1075840201539.JavaMail.evans@thyme,good
197504.1075840201539.JavaMail.evans@thyme,houston
197504.1075840201539.JavaMail.evans@thyme,input
197504.1075840201539.JavaMail.evans@thyme,here
197504.1075840201539.JavaMail.evans@thyme,as
197504.1075840201539.JavaMail.evans@thyme,well
197504.1075840201539.JavaMail.evans@thyme,as
197504.1075840201539.JavaMail.evans@thyme,europe
197504.1075840201539.JavaMail.evans@thyme,an
197504.1075840201539.JavaMail.evans@thyme,excellent
197504.1075840201539.JavaMail.evans@thyme,general
197504.1075840201539.JavaMail.evans@thyme,article
197504.1075840201539.JavaMail.evans@thyme,has
197504.1075840201539.JavaMail.evans@thyme,resulted
197504.1075840201539.JavaMail.evans@thyme,nice
197504.1075840201539.JavaMail.evans@thyme,pictures
197504.1075840201539.JavaMail.evans@thyme,too
197504.1075840201539.JavaMail.evans@thyme,i
197504.1075840201539.JavaMail.evans@thyme,ll
197504.1075840201539.JavaMail.evans@thyme,get
197504.1075840201539.JavaMail.evans@thyme,some
197504.1075840201539.JavaMail.evans@thyme,original
197504.1075840201539.JavaMail.evans@thyme,copies
197504.1075840201539.JavaMail.evans@thyme,couriered
197504.1075840201539.JavaMail.evans@thyme,over
197504.1075840201539.JavaMail.evans@thyme,to
197504.1075840201539.JavaMail.evans@thyme,you
197504.1075840201539.JavaMail.evans@thyme,asap
197504.1075840201539.JavaMail.evans@thyme,we
197504.1075840201539.JavaMail.evans@thyme,are
197504.1075840201539.JavaMail.evans@thyme,organising
197504.1075840201539.JavaMail.evans@thyme,bi
197504.1075840201539.JavaMail.evans@thyme,lingual
197504.1075840201539.JavaMail.evans@thyme,reprints
197504.1075840201539.JavaMail.evans@thyme,please
197504.1075840201539.JavaMail.evans@thyme,let
197504.1075840201539.JavaMail.evans@thyme,iona
197504.1075840201539.JavaMail.evans@thyme,know
197504.1075840201539.JavaMail.evans@thyme,how
197504.1075840201539.JavaMail.evans@thyme,many
197504.1075840201539.JavaMail.evans@thyme,you
197504.1075840201539.JavaMail.evans@thyme,d
197504.1075840201539.JavaMail.evans@thyme,like
197504.1075840201539.JavaMail.evans@thyme,thanks
197504.1075840201539.JavaMail.evans@thyme,andrew
197504.1075840201539.JavaMail.evans@thyme,forwarded
197504.1075840201539.JavaMail.evans@thyme,by
197504.1075840201539.JavaMail.evans@thyme,andrew
197504.1075840201539.JavaMail.evans@thyme,morrison
197504.1075840201539.JavaMail.evans@thyme,lon
197504.1075840201539.JavaMail.evans@thyme,ect
197504.1075840201539.JavaMail.evans@thyme,on
197504.1075840201539.JavaMail.evans@thyme,am
197504.1075840201539.JavaMail.evans@thyme,enron
197504.1075840201539.JavaMail.evans@thyme,capital
197504.1075840201539.JavaMail.evans@thyme,trade
197504.1075840201539.JavaMail.evans@thyme,resources
197504.1075840201539.JavaMail.evans@thyme,corp
197504.1075840201539.JavaMail.evans@thyme,from
197504.1075840201539.JavaMail.evans@thyme,gls
197504.1075840201539.JavaMail.evans@thyme,glslanguageservices
197504.1075840201539.JavaMail.evans@thyme,compuserve
197504.1075840201539.JavaMail.evans@thyme,com
197504.1075840201539.JavaMail.evans@thyme,am
197504.1075840201539.JavaMail.evans@thyme,to
197504.1075840201539.JavaMail.evans@thyme,andrew
197504.1075840201539.JavaMail.evans@thyme,morrison
197504.1075840201539.JavaMail.evans@thyme,lon
197504.1075840201539.JavaMail.evans@thyme,ect
197504.1075840201539.JavaMail.evans@thyme,ect
197504.1075840201539.JavaMail.evans@thyme,cc
197504.1075840201539.JavaMail.evans@thyme,subject
197504.1075840201539.JavaMail.evans@thyme,translation
197504.1075840201539.JavaMail.evans@thyme,of
197504.1075840201539.JavaMail.evans@thyme,articles
197504.1075840201539.JavaMail.evans@thyme,enron
197504.1075840201539.JavaMail.evans@thyme,doc
11991339.1075842536086.JavaMail.evans@thyme,in
11991339.1075842536086.JavaMail.evans@thyme,anticipation
11991339.1075842536086.JavaMail.evans@thyme,of
11991339.1075842536086.JavaMail.evans@thyme,potential
11991339.1075842536086.JavaMail.evans@thyme,litigation
11991339.1075842536086.JavaMail.evans@thyme,involving
11991339.1075842536086.JavaMail.evans@thyme,tw
11991339.1075842536086.JavaMail.evans@thyme,s
11991339.1075842536086.JavaMail.evans@thyme,operational
11991339.1075842536086.JavaMail.evans@thyme,activities
11991339.1075842536086.JavaMail.evans@thyme,please
11991339.1075842536086.JavaMail.evans@thyme,prepare
11991339.1075842536086.JavaMail.evans@thyme,an
11991339.1075842536086.JavaMail.evans@thyme,analysis
11991339.1075842536086.JavaMail.evans@thyme,for
11991339.1075842536086.JavaMail.evans@thyme,me
11991339.1075842536086.JavaMail.evans@thyme,of
11991339.1075842536086.JavaMail.evans@thyme,the
11991339.1075842536086.JavaMail.evans@thyme,reasons
11991339.1075842536086.JavaMail.evans@thyme,for
11991339.1075842536086.JavaMail.evans@thyme,tw
11991339.1075842536086.JavaMail.evans@thyme,s
11991339.1075842536086.JavaMail.evans@thyme,sale
11991339.1075842536086.JavaMail.evans@thyme,of
11991339.1075842536086.JavaMail.evans@thyme,excess
11991339.1075842536086.JavaMail.evans@thyme,natural
11991339.1075842536086.JavaMail.evans@thyme,gas
11991339.1075842536086.JavaMail.evans@thyme,at
11991339.1075842536086.JavaMail.evans@thyme,the
11991339.1075842536086.JavaMail.evans@thyme,california
11991339.1075842536086.JavaMail.evans@thyme,border
11991339.1075842536086.JavaMail.evans@thyme,i
11991339.1075842536086.JavaMail.evans@thyme,am
11991339.1075842536086.JavaMail.evans@thyme,aware
11991339.1075842536086.JavaMail.evans@thyme,of
11991339.1075842536086.JavaMail.evans@thyme,several
11991339.1075842536086.JavaMail.evans@thyme,of
11991339.1075842536086.JavaMail.evans@thyme,these
11991339.1075842536086.JavaMail.evans@thyme,sales
11991339.1075842536086.JavaMail.evans@thyme,and
11991339.1075842536086.JavaMail.evans@thyme,have
11991339.1075842536086.JavaMail.evans@thyme,been
11991339.1075842536086.JavaMail.evans@thyme,informed
11991339.1075842536086.JavaMail.evans@thyme,that
11991339.1075842536086.JavaMail.evans@thyme,excess
11991339.1075842536086.JavaMail.evans@thyme,pressure
11991339.1075842536086.JavaMail.evans@thyme,at
11991339.1075842536086.JavaMail.evans@thyme,the
11991339.1075842536086.JavaMail.evans@thyme,border
11991339.1075842536086.JavaMail.evans@thyme,is
11991339.1075842536086.JavaMail.evans@thyme,the
11991339.1075842536086.JavaMail.evans@thyme,basic
11991339.1075842536086.JavaMail.evans@thyme,reason
11991339.1075842536086.JavaMail.evans@thyme,for
11991339.1075842536086.JavaMail.evans@thyme,them
11991339.1075842536086.JavaMail.evans@thyme,i
11991339.1075842536086.JavaMail.evans@thyme,d
11991339.1075842536086.JavaMail.evans@thyme,like
11991339.1075842536086.JavaMail.evans@thyme,a
11991339.1075842536086.JavaMail.evans@thyme,more
11991339.1075842536086.JavaMail.evans@thyme,specific
11991339.1075842536086.JavaMail.evans@thyme,explanation
11991339.1075842536086.JavaMail.evans@thyme,that
11991339.1075842536086.JavaMail.evans@thyme,includes
11991339.1075842536086.JavaMail.evans@thyme,the
11991339.1075842536086.JavaMail.evans@thyme,following
11991339.1075842536086.JavaMail.evans@thyme,information
11991339.1075842536086.JavaMail.evans@thyme,what
11991339.1075842536086.JavaMail.evans@thyme,are
11991339.1075842536086.JavaMail.evans@thyme,the
11991339.1075842536086.JavaMail.evans@thyme,specific
11991339.1075842536086.JavaMail.evans@thyme,pressures
11991339.1075842536086.JavaMail.evans@thyme,and
11991339.1075842536086.JavaMail.evans@thyme,volume
11991339.1075842536086.JavaMail.evans@thyme,considerations
11991339.1075842536086.JavaMail.evans@thyme,that
11991339.1075842536086.JavaMail.evans@thyme,could
11991339.1075842536086.JavaMail.evans@thyme,make
11991339.1075842536086.JavaMail.evans@thyme,it
11991339.1075842536086.JavaMail.evans@thyme,operationally
11991339.1075842536086.JavaMail.evans@thyme,necessary
11991339.1075842536086.JavaMail.evans@thyme,to
11991339.1075842536086.JavaMail.evans@thyme,sell
11991339.1075842536086.JavaMail.evans@thyme,gas
11991339.1075842536086.JavaMail.evans@thyme,at
11991339.1075842536086.JavaMail.evans@thyme,the
11991339.1075842536086.JavaMail.evans@thyme,california
11991339.1075842536086.JavaMail.evans@thyme,border
11991339.1075842536086.JavaMail.evans@thyme,what
11991339.1075842536086.JavaMail.evans@thyme,is
11991339.1075842536086.JavaMail.evans@thyme,the
11991339.1075842536086.JavaMail.evans@thyme,process
11991339.1075842536086.JavaMail.evans@thyme,that
11991339.1075842536086.JavaMail.evans@thyme,is
11991339.1075842536086.JavaMail.evans@thyme,followed
11991339.1075842536086.JavaMail.evans@thyme,to
11991339.1075842536086.JavaMail.evans@thyme,make
11991339.1075842536086.JavaMail.evans@thyme,such
11991339.1075842536086.JavaMail.evans@thyme,a
11991339.1075842536086.JavaMail.evans@thyme,determination
11991339.1075842536086.JavaMail.evans@thyme,which
11991339.1075842536086.JavaMail.evans@thyme,individuals
11991339.1075842536086.JavaMail.evans@thyme,or
11991339.1075842536086.JavaMail.evans@thyme,groups
11991339.1075842536086.JavaMail.evans@thyme,are
11991339.1075842536086.JavaMail.evans@thyme,involved
11991339.1075842536086.JavaMail.evans@thyme,in
11991339.1075842536086.JavaMail.evans@thyme,determining
11991339.1075842536086.JavaMail.evans@thyme,whether
11991339.1075842536086.JavaMail.evans@thyme,an
11991339.1075842536086.JavaMail.evans@thyme,operational
11991339.1075842536086.JavaMail.evans@thyme,sale
11991339.1075842536086.JavaMail.evans@thyme,is
11991339.1075842536086.JavaMail.evans@thyme,necessary
11991339.1075842536086.JavaMail.evans@thyme,in
11991339.1075842536086.JavaMail.evans@thyme,what
11991339.1075842536086.JavaMail.evans@thyme,way
11991339.1075842536086.JavaMail.evans@thyme,have
11991339.1075842536086.JavaMail.evans@thyme,system
11991339.1075842536086.JavaMail.evans@thyme,operations
11991339.1075842536086.JavaMail.evans@thyme,changed
11991339.1075842536086.JavaMail.evans@thyme,since
11991339.1075842536086.JavaMail.evans@thyme,last
11991339.1075842536086.JavaMail.evans@thyme,year
11991339.1075842536086.JavaMail.evans@thyme,and
11991339.1075842536086.JavaMail.evans@thyme,how
11991339.1075842536086.JavaMail.evans@thyme,do
11991339.1075842536086.JavaMail.evans@thyme,those
11991339.1075842536086.JavaMail.evans@thyme,changes
11991339.1075842536086.JavaMail.evans@thyme,contribute
11991339.1075842536086.JavaMail.evans@thyme,to
11991339.1075842536086.JavaMail.evans@thyme,the
11991339.1075842536086.JavaMail.evans@thyme,increased
11991339.1075842536086.JavaMail.evans@thyme,frequency
11991339.1075842536086.JavaMail.evans@thyme,of
11991339.1075842536086.JavaMail.evans@thyme,such
11991339.1075842536086.JavaMail.evans@thyme,sales
11991339.1075842536086.JavaMail.evans@thyme,compared
11991339.1075842536086.JavaMail.evans@thyme,to
11991339.1075842536086.JavaMail.evans@thyme,previous
11991339.1075842536086.JavaMail.evans@thyme,years
11991339.1075842536086.JavaMail.evans@thyme,what
11991339.1075842536086.JavaMail.evans@thyme,alternatives
11991339.1075842536086.JavaMail.evans@thyme,to
11991339.1075842536086.JavaMail.evans@thyme,operational
11991339.1075842536086.JavaMail.evans@thyme,sales
11991339.1075842536086.JavaMail.evans@thyme,are
11991339.1075842536086.JavaMail.evans@thyme,considered
11991339.1075842536086.JavaMail.evans@thyme,before
11991339.1075842536086.JavaMail.evans@thyme,the
11991339.1075842536086.JavaMail.evans@thyme,decision
11991339.1075842536086.JavaMail.evans@thyme,to
11991339.1075842536086.JavaMail.evans@thyme,make
11991339.1075842536086.JavaMail.evans@thyme,a
11991339.1075842536086.JavaMail.evans@thyme,sale
11991339.1075842536086.JavaMail.evans@thyme,is
11991339.1075842536086.JavaMail.evans@thyme,reached
11991339.1075842536086.JavaMail.evans@thyme,thanks
11991339.1075842536086.JavaMail.evans@thyme,for
11991339.1075842536086.JavaMail.evans@thyme,your
11991339.1075842536086.JavaMail.evans@thyme,attention
11991339.1075842536086.JavaMail.evans@thyme,to
11991339.1075842536086.JavaMail.evans@thyme,this
11991339.1075842536086.JavaMail.evans@thyme,request
11991339.1075842536086.JavaMail.evans@thyme,please
11991339.1075842536086.JavaMail.evans@thyme,give
11991339.1075842536086.JavaMail.evans@thyme,me
11991339.1075842536086.JavaMail.evans@thyme,a
11991339.1075842536086.JavaMail.evans@thyme,call
11991339.1075842536086.JavaMail.evans@thyme,to
11991339.1075842536086.JavaMail.evans@thyme,discuss
11991339.1075842536086.JavaMail.evans@thyme,and
11991339.1075842536086.JavaMail.evans@thyme,please
11991339.1075842536086.JavaMail.evans@thyme,designate
11991339.1075842536086.JavaMail.evans@thyme,your
11991339.1075842536086.JavaMail.evans@thyme,response
11991339.1075842536086.JavaMail.evans@thyme,as
11991339.1075842536086.JavaMail.evans@thyme,privileged
11991339.1075842536086.JavaMail.evans@thyme,and
11991339.1075842536086.JavaMail.evans@thyme,confidential
11991339.1075842536086.JavaMail.evans@thyme,attorney
11991339.1075842536086.JavaMail.evans@thyme,client
11991339.1075842536086.JavaMail.evans@thyme,privileged
7106753.1075842536132.JavaMail.evans@thyme,julia
7106753.1075842536132.JavaMail.evans@thyme,and
7106753.1075842536132.JavaMail.evans@thyme,steve
7106753.1075842536132.JavaMail.evans@thyme,here
7106753.1075842536132.JavaMail.evans@thyme,are
7106753.1075842536132.JavaMail.evans@thyme,some
7106753.1075842536132.JavaMail.evans@thyme,questions
7106753.1075842536132.JavaMail.evans@thyme,i
7106753.1075842536132.JavaMail.evans@thyme,ve
7106753.1075842536132.JavaMail.evans@thyme,sent
7106753.1075842536132.JavaMail.evans@thyme,to
7106753.1075842536132.JavaMail.evans@thyme,darrell
7106753.1075842536132.JavaMail.evans@thyme,on
7106753.1075842536132.JavaMail.evans@thyme,the
7106753.1075842536132.JavaMail.evans@thyme,tw
7106753.1075842536132.JavaMail.evans@thyme,cal
7106753.1075842536132.JavaMail.evans@thyme,border
7106753.1075842536132.JavaMail.evans@thyme,line
7106753.1075842536132.JavaMail.evans@thyme,pack
7106753.1075842536132.JavaMail.evans@thyme,sales
7106753.1075842536132.JavaMail.evans@thyme,i
7106753.1075842536132.JavaMail.evans@thyme,d
7106753.1075842536132.JavaMail.evans@thyme,like
7106753.1075842536132.JavaMail.evans@thyme,him
7106753.1075842536132.JavaMail.evans@thyme,to
7106753.1075842536132.JavaMail.evans@thyme,pull
7106753.1075842536132.JavaMail.evans@thyme,in
7106753.1075842536132.JavaMail.evans@thyme,the
7106753.1075842536132.JavaMail.evans@thyme,right
7106753.1075842536132.JavaMail.evans@thyme,people
7106753.1075842536132.JavaMail.evans@thyme,to
7106753.1075842536132.JavaMail.evans@thyme,get
7106753.1075842536132.JavaMail.evans@thyme,me
7106753.1075842536132.JavaMail.evans@thyme,the
7106753.1075842536132.JavaMail.evans@thyme,answers
7106753.1075842536132.JavaMail.evans@thyme,so
7106753.1075842536132.JavaMail.evans@thyme,we
7106753.1075842536132.JavaMail.evans@thyme,will
7106753.1075842536132.JavaMail.evans@thyme,be
7106753.1075842536132.JavaMail.evans@thyme,prepared
7106753.1075842536132.JavaMail.evans@thyme,if
7106753.1075842536132.JavaMail.evans@thyme,we
7106753.1075842536132.JavaMail.evans@thyme,need
7106753.1075842536132.JavaMail.evans@thyme,to
7106753.1075842536132.JavaMail.evans@thyme,explain
7106753.1075842536132.JavaMail.evans@thyme,these
7106753.1075842536132.JavaMail.evans@thyme,events
7106753.1075842536132.JavaMail.evans@thyme,darrell
7106753.1075842536132.JavaMail.evans@thyme,i
7106753.1075842536132.JavaMail.evans@thyme,thought
7106753.1075842536132.JavaMail.evans@thyme,i
7106753.1075842536132.JavaMail.evans@thyme,d
7106753.1075842536132.JavaMail.evans@thyme,better
7106753.1075842536132.JavaMail.evans@thyme,let
7106753.1075842536132.JavaMail.evans@thyme,your
7106753.1075842536132.JavaMail.evans@thyme,bosses
7106753.1075842536132.JavaMail.evans@thyme,know
7106753.1075842536132.JavaMail.evans@thyme,that
7106753.1075842536132.JavaMail.evans@thyme,i
7106753.1075842536132.JavaMail.evans@thyme,ve
7106753.1075842536132.JavaMail.evans@thyme,been
7106753.1075842536132.JavaMail.evans@thyme,putting
7106753.1075842536132.JavaMail.evans@thyme,more
7106753.1075842536132.JavaMail.evans@thyme,stuff
7106753.1075842536132.JavaMail.evans@thyme,on
7106753.1075842536132.JavaMail.evans@thyme,your
7106753.1075842536132.JavaMail.evans@thyme,already
7106753.1075842536132.JavaMail.evans@thyme,full
7106753.1075842536132.JavaMail.evans@thyme,plate
7106753.1075842536132.JavaMail.evans@thyme,thanks
7106753.1075842536132.JavaMail.evans@thyme,all
7106753.1075842536132.JavaMail.evans@thyme,df
7106753.1075842536132.JavaMail.evans@thyme,forwarded
7106753.1075842536132.JavaMail.evans@thyme,by
7106753.1075842536132.JavaMail.evans@thyme,drew
7106753.1075842536132.JavaMail.evans@thyme,fossum
7106753.1075842536132.JavaMail.evans@thyme,et
7106753.1075842536132.JavaMail.evans@thyme,s
7106753.1075842536132.JavaMail.evans@thyme,enron
7106753.1075842536132.JavaMail.evans@thyme,on
7106753.1075842536132.JavaMail.evans@thyme,am
7106753.1075842536132.JavaMail.evans@thyme,drew
7106753.1075842536132.JavaMail.evans@thyme,fossum
7106753.1075842536132.JavaMail.evans@thyme,pm
7106753.1075842536132.JavaMail.evans@thyme,to
7106753.1075842536132.JavaMail.evans@thyme,darrell
7106753.1075842536132.JavaMail.evans@thyme,schoolcraft
7106753.1075842536132.JavaMail.evans@thyme,et
7106753.1075842536132.JavaMail.evans@thyme,s
7106753.1075842536132.JavaMail.evans@thyme,enron
7106753.1075842536132.JavaMail.evans@thyme,enron
7106753.1075842536132.JavaMail.evans@thyme,cc
7106753.1075842536132.JavaMail.evans@thyme,danny
7106753.1075842536132.JavaMail.evans@thyme,mccarty
7106753.1075842536132.JavaMail.evans@thyme,et
7106753.1075842536132.JavaMail.evans@thyme,s
7106753.1075842536132.JavaMail.evans@thyme,enron
7106753.1075842536132.JavaMail.evans@thyme,enron
7106753.1075842536132.JavaMail.evans@thyme,steven
7106753.1075842536132.JavaMail.evans@thyme,harris
7106753.1075842536132.JavaMail.evans@thyme,et
7106753.1075842536132.JavaMail.evans@thyme,s
7106753.1075842536132.JavaMail.evans@thyme,enron
7106753.1075842536132.JavaMail.evans@thyme,enron
7106753.1075842536132.JavaMail.evans@thyme,kevin
7106753.1075842536132.JavaMail.evans@thyme,hyatt
7106753.1075842536132.JavaMail.evans@thyme,enron
7106753.1075842536132.JavaMail.evans@thyme,enronxgate
7106753.1075842536132.JavaMail.evans@thyme,subject
7106753.1075842536132.JavaMail.evans@thyme,tw
7106753.1075842536132.JavaMail.evans@thyme,gas
7106753.1075842536132.JavaMail.evans@thyme,sales
7106753.1075842536132.JavaMail.evans@thyme,privileged
7106753.1075842536132.JavaMail.evans@thyme,and
7106753.1075842536132.JavaMail.evans@thyme,confidential
7106753.1075842536132.JavaMail.evans@thyme,attorney
7106753.1075842536132.JavaMail.evans@thyme,client
7106753.1075842536132.JavaMail.evans@thyme,privilege
7106753.1075842536132.JavaMail.evans@thyme,in
7106753.1075842536132.JavaMail.evans@thyme,anticipation
7106753.1075842536132.JavaMail.evans@thyme,of
7106753.1075842536132.JavaMail.evans@thyme,potential
7106753.1075842536132.JavaMail.evans@thyme,litigation
7106753.1075842536132.JavaMail.evans@thyme,involving
7106753.1075842536132.JavaMail.evans@thyme,tw
7106753.1075842536132.JavaMail.evans@thyme,s
7106753.1075842536132.JavaMail.evans@thyme,operational
7106753.1075842536132.JavaMail.evans@thyme,activities
7106753.1075842536132.JavaMail.evans@thyme,please
7106753.1075842536132.JavaMail.evans@thyme,prepare
7106753.1075842536132.JavaMail.evans@thyme,an
7106753.1075842536132.JavaMail.evans@thyme,analysis
7106753.1075842536132.JavaMail.evans@thyme,for
7106753.1075842536132.JavaMail.evans@thyme,me
7106753.1075842536132.JavaMail.evans@thyme,of
7106753.1075842536132.JavaMail.evans@thyme,the
7106753.1075842536132.JavaMail.evans@thyme,reasons
7106753.1075842536132.JavaMail.evans@thyme,for
7106753.1075842536132.JavaMail.evans@thyme,tw
7106753.1075842536132.JavaMail.evans@thyme,s
7106753.1075842536132.JavaMail.evans@thyme,sale
7106753.1075842536132.JavaMail.evans@thyme,of
7106753.1075842536132.JavaMail.evans@thyme,excess
7106753.1075842536132.JavaMail.evans@thyme,natural
7106753.1075842536132.JavaMail.evans@thyme,gas
7106753.1075842536132.JavaMail.evans@thyme,at
7106753.1075842536132.JavaMail.evans@thyme,the
7106753.1075842536132.JavaMail.evans@thyme,california
7106753.1075842536132.JavaMail.evans@thyme,border
7106753.1075842536132.JavaMail.evans@thyme,i
7106753.1075842536132.JavaMail.evans@thyme,am
7106753.1075842536132.JavaMail.evans@thyme,aware
7106753.1075842536132.JavaMail.evans@thyme,of
7106753.1075842536132.JavaMail.evans@thyme,several
7106753.1075842536132.JavaMail.evans@thyme,of
7106753.1075842536132.JavaMail.evans@thyme,these
7106753.1075842536132.JavaMail.evans@thyme,sales
7106753.1075842536132.JavaMail.evans@thyme,and
7106753.1075842536132.JavaMail.evans@thyme,have
7106753.1075842536132.JavaMail.evans@thyme,been
7106753.1075842536132.JavaMail.evans@thyme,informed
7106753.1075842536132.JavaMail.evans@thyme,that
7106753.1075842536132.JavaMail.evans@thyme,excess
7106753.1075842536132.JavaMail.evans@thyme,pressure
7106753.1075842536132.JavaMail.evans@thyme,at
7106753.1075842536132.JavaMail.evans@thyme,the
7106753.1075842536132.JavaMail.evans@thyme,border
7106753.1075842536132.JavaMail.evans@thyme,is
7106753.1075842536132.JavaMail.evans@thyme,the
7106753.1075842536132.JavaMail.evans@thyme,basic
7106753.1075842536132.JavaMail.evans@thyme,reason
7106753.1075842536132.JavaMail.evans@thyme,for
7106753.1075842536132.JavaMail.evans@thyme,them
7106753.1075842536132.JavaMail.evans@thyme,i
7106753.1075842536132.JavaMail.evans@thyme,d
7106753.1075842536132.JavaMail.evans@thyme,like
7106753.1075842536132.JavaMail.evans@thyme,a
7106753.1075842536132.JavaMail.evans@thyme,more
7106753.1075842536132.JavaMail.evans@thyme,specific
7106753.1075842536132.JavaMail.evans@thyme,explanation
7106753.1075842536132.JavaMail.evans@thyme,that
7106753.1075842536132.JavaMail.evans@thyme,includes
7106753.1075842536132.JavaMail.evans@thyme,the
7106753.1075842536132.JavaMail.evans@thyme,following
7106753.1075842536132.JavaMail.evans@thyme,information
7106753.1075842536132.JavaMail.evans@thyme,what
7106753.1075842536132.JavaMail.evans@thyme,are
7106753.1075842536132.JavaMail.evans@thyme,the
7106753.1075842536132.JavaMail.evans@thyme,specific
7106753.1075842536132.JavaMail.evans@thyme,pressures
7106753.1075842536132.JavaMail.evans@thyme,and
7106753.1075842536132.JavaMail.evans@thyme,volume
7106753.1075842536132.JavaMail.evans@thyme,considerations
7106753.1075842536132.JavaMail.evans@thyme,that
7106753.1075842536132.JavaMail.evans@thyme,could
7106753.1075842536132.JavaMail.evans@thyme,make
7106753.1075842536132.JavaMail.evans@thyme,it
7106753.1075842536132.JavaMail.evans@thyme,operationally
7106753.1075842536132.JavaMail.evans@thyme,necessary
7106753.1075842536132.JavaMail.evans@thyme,to
7106753.1075842536132.JavaMail.evans@thyme,sell
7106753.1075842536132.JavaMail.evans@thyme,gas
7106753.1075842536132.JavaMail.evans@thyme,at
7106753.1075842536132.JavaMail.evans@thyme,the
7106753.1075842536132.JavaMail.evans@thyme,california
7106753.1075842536132.JavaMail.evans@thyme,border
7106753.1075842536132.JavaMail.evans@thyme,what
7106753.1075842536132.JavaMail.evans@thyme,is
7106753.1075842536132.JavaMail.evans@thyme,the
7106753.1075842536132.JavaMail.evans@thyme,process
7106753.1075842536132.JavaMail.evans@thyme,that
7106753.1075842536132.JavaMail.evans@thyme,is
7106753.1075842536132.JavaMail.evans@thyme,followed
7106753.1075842536132.JavaMail.evans@thyme,to
7106753.1075842536132.JavaMail.evans@thyme,make
7106753.1075842536132.JavaMail.evans@thyme,such
7106753.1075842536132.JavaMail.evans@thyme,a
7106753.1075842536132.JavaMail.evans@thyme,determination
7106753.1075842536132.JavaMail.evans@thyme,which
7106753.1075842536132.JavaMail.evans@thyme,individuals
7106753.1075842536132.JavaMail.evans@thyme,or
7106753.1075842536132.JavaMail.evans@thyme,groups
7106753.1075842536132.JavaMail.evans@thyme,are
7106753.1075842536132.JavaMail.evans@thyme,involved
7106753.1075842536132.JavaMail.evans@thyme,in
7106753.1075842536132.JavaMail.evans@thyme,determining
7106753.1075842536132.JavaMail.evans@thyme,whether
7106753.1075842536132.JavaMail.evans@thyme,an
7106753.1075842536132.JavaMail.evans@thyme,operational
7106753.1075842536132.JavaMail.evans@thyme,sale
7106753.1075842536132.JavaMail.evans@thyme,is
7106753.1075842536132.JavaMail.evans@thyme,necessary
7106753.1075842536132.JavaMail.evans@thyme,in
7106753.1075842536132.JavaMail.evans@thyme,what
7106753.1075842536132.JavaMail.evans@thyme,way
7106753.1075842536132.JavaMail.evans@thyme,have
7106753.1075842536132.JavaMail.evans@thyme,system
7106753.1075842536132.JavaMail.evans@thyme,operations
7106753.1075842536132.JavaMail.evans@thyme,changed
7106753.1075842536132.JavaMail.evans@thyme,since
7106753.1075842536132.JavaMail.evans@thyme,last
7106753.1075842536132.JavaMail.evans@thyme,year
7106753.1075842536132.JavaMail.evans@thyme,and
7106753.1075842536132.JavaMail.evans@thyme,how
7106753.1075842536132.JavaMail.evans@thyme,do
7106753.1075842536132.JavaMail.evans@thyme,those
7106753.1075842536132.JavaMail.evans@thyme,changes
7106753.1075842536132.JavaMail.evans@thyme,contribute
7106753.1075842536132.JavaMail.evans@thyme,to
7106753.1075842536132.JavaMail.evans@thyme,the
7106753.1075842536132.JavaMail.evans@thyme,increased
7106753.1075842536132.JavaMail.evans@thyme,frequency
7106753.1075842536132.JavaMail.evans@thyme,of
7106753.1075842536132.JavaMail.evans@thyme,such
7106753.1075842536132.JavaMail.evans@thyme,sales
7106753.1075842536132.JavaMail.evans@thyme,compared
7106753.1075842536132.JavaMail.evans@thyme,to
7106753.1075842536132.JavaMail.evans@thyme,previous
7106753.1075842536132.JavaMail.evans@thyme,years
7106753.1075842536132.JavaMail.evans@thyme,what
7106753.1075842536132.JavaMail.evans@thyme,alternatives
7106753.1075842536132.JavaMail.evans@thyme,to
7106753.1075842536132.JavaMail.evans@thyme,operational
7106753.1075842536132.JavaMail.evans@thyme,sales
7106753.1075842536132.JavaMail.evans@thyme,are
7106753.1075842536132.JavaMail.evans@thyme,considered
7106753.1075842536132.JavaMail.evans@thyme,before
7106753.1075842536132.JavaMail.evans@thyme,the
7106753.1075842536132.JavaMail.evans@thyme,decision
7106753.1075842536132.JavaMail.evans@thyme,to
7106753.1075842536132.JavaMail.evans@thyme,make
7106753.1075842536132.JavaMail.evans@thyme,a
7106753.1075842536132.JavaMail.evans@thyme,sale
7106753.1075842536132.JavaMail.evans@thyme,is
7106753.1075842536132.JavaMail.evans@thyme,reached
7106753.1075842536132.JavaMail.evans@thyme,thanks
7106753.1075842536132.JavaMail.evans@thyme,for
7106753.1075842536132.JavaMail.evans@thyme,your
7106753.1075842536132.JavaMail.evans@thyme,attention
7106753.1075842536132.JavaMail.evans@thyme,to
7106753.1075842536132.JavaMail.evans@thyme,this
7106753.1075842536132.JavaMail.evans@thyme,request
7106753.1075842536132.JavaMail.evans@thyme,please
7106753.1075842536132.JavaMail.evans@thyme,give
7106753.1075842536132.JavaMail.evans@thyme,me
7106753.1075842536132.JavaMail.evans@thyme,a
7106753.1075842536132.JavaMail.evans@thyme,call
7106753.1075842536132.JavaMail.evans@thyme,to
7106753.1075842536132.JavaMail.evans@thyme,discuss
7106753.1075842536132.JavaMail.evans@thyme,and
7106753.1075842536132.JavaMail.evans@thyme,please
7106753.1075842536132.JavaMail.evans@thyme,designate
7106753.1075842536132.JavaMail.evans@thyme,your
7106753.1075842536132.JavaMail.evans@thyme,response
7106753.1075842536132.JavaMail.evans@thyme,as
7106753.1075842536132.JavaMail.evans@thyme,privileged
7106753.1075842536132.JavaMail.evans@thyme,and
7106753.1075842536132.JavaMail.evans@thyme,confidential
7106753.1075842536132.JavaMail.evans@thyme,attorney
7106753.1075842536132.JavaMail.evans@thyme,client
7106753.1075842536132.JavaMail.evans@thyme,privileged
21267718.1075863331587.JavaMail.evans@thyme,julia
21267718.1075863331587.JavaMail.evans@thyme,and
21267718.1075863331587.JavaMail.evans@thyme,steve
21267718.1075863331587.JavaMail.evans@thyme,here
21267718.1075863331587.JavaMail.evans@thyme,are
21267718.1075863331587.JavaMail.evans@thyme,some
21267718.1075863331587.JavaMail.evans@thyme,questions
21267718.1075863331587.JavaMail.evans@thyme,i
21267718.1075863331587.JavaMail.evans@thyme,ve
21267718.1075863331587.JavaMail.evans@thyme,sent
21267718.1075863331587.JavaMail.evans@thyme,to
21267718.1075863331587.JavaMail.evans@thyme,darrell
21267718.1075863331587.JavaMail.evans@thyme,on
21267718.1075863331587.JavaMail.evans@thyme,the
21267718.1075863331587.JavaMail.evans@thyme,tw
21267718.1075863331587.JavaMail.evans@thyme,cal
21267718.1075863331587.JavaMail.evans@thyme,border
21267718.1075863331587.JavaMail.evans@thyme,line
21267718.1075863331587.JavaMail.evans@thyme,pack
21267718.1075863331587.JavaMail.evans@thyme,sales
21267718.1075863331587.JavaMail.evans@thyme,i
21267718.1075863331587.JavaMail.evans@thyme,d
21267718.1075863331587.JavaMail.evans@thyme,like
21267718.1075863331587.JavaMail.evans@thyme,him
21267718.1075863331587.JavaMail.evans@thyme,to
21267718.1075863331587.JavaMail.evans@thyme,pull
21267718.1075863331587.JavaMail.evans@thyme,in
21267718.1075863331587.JavaMail.evans@thyme,the
21267718.1075863331587.JavaMail.evans@thyme,right
21267718.1075863331587.JavaMail.evans@thyme,people
21267718.1075863331587.JavaMail.evans@thyme,to
21267718.1075863331587.JavaMail.evans@thyme,get
21267718.1075863331587.JavaMail.evans@thyme,me
21267718.1075863331587.JavaMail.evans@thyme,the
21267718.1075863331587.JavaMail.evans@thyme,answers
21267718.1075863331587.JavaMail.evans@thyme,so
21267718.1075863331587.JavaMail.evans@thyme,we
21267718.1075863331587.JavaMail.evans@thyme,will
21267718.1075863331587.JavaMail.evans@thyme,be
21267718.1075863331587.JavaMail.evans@thyme,prepared
21267718.1075863331587.JavaMail.evans@thyme,if
21267718.1075863331587.JavaMail.evans@thyme,we
21267718.1075863331587.JavaMail.evans@thyme,need
21267718.1075863331587.JavaMail.evans@thyme,to
21267718.1075863331587.JavaMail.evans@thyme,explain
21267718.1075863331587.JavaMail.evans@thyme,these
21267718.1075863331587.JavaMail.evans@thyme,events
21267718.1075863331587.JavaMail.evans@thyme,darrell
21267718.1075863331587.JavaMail.evans@thyme,i
21267718.1075863331587.JavaMail.evans@thyme,thought
21267718.1075863331587.JavaMail.evans@thyme,i
21267718.1075863331587.JavaMail.evans@thyme,d
21267718.1075863331587.JavaMail.evans@thyme,better
21267718.1075863331587.JavaMail.evans@thyme,let
21267718.1075863331587.JavaMail.evans@thyme,your
21267718.1075863331587.JavaMail.evans@thyme,bosses
21267718.1075863331587.JavaMail.evans@thyme,know
21267718.1075863331587.JavaMail.evans@thyme,that
21267718.1075863331587.JavaMail.evans@thyme,i
21267718.1075863331587.JavaMail.evans@thyme,ve
21267718.1075863331587.JavaMail.evans@thyme,been
21267718.1075863331587.JavaMail.evans@thyme,putting
21267718.1075863331587.JavaMail.evans@thyme,more
21267718.1075863331587.JavaMail.evans@thyme,stuff
21267718.1075863331587.JavaMail.evans@thyme,on
21267718.1075863331587.JavaMail.evans@thyme,your
21267718.1075863331587.JavaMail.evans@thyme,already
21267718.1075863331587.JavaMail.evans@thyme,full
21267718.1075863331587.JavaMail.evans@thyme,plate
21267718.1075863331587.JavaMail.evans@thyme,thanks
21267718.1075863331587.JavaMail.evans@thyme,all
21267718.1075863331587.JavaMail.evans@thyme,df
21267718.1075863331587.JavaMail.evans@thyme,forwarded
21267718.1075863331587.JavaMail.evans@thyme,by
21267718.1075863331587.JavaMail.evans@thyme,drew
21267718.1075863331587.JavaMail.evans@thyme,fossum
21267718.1075863331587.JavaMail.evans@thyme,et
21267718.1075863331587.JavaMail.evans@thyme,s
21267718.1075863331587.JavaMail.evans@thyme,enron
21267718.1075863331587.JavaMail.evans@thyme,on
21267718.1075863331587.JavaMail.evans@thyme,am
21267718.1075863331587.JavaMail.evans@thyme,drew
21267718.1075863331587.JavaMail.evans@thyme,fossum
21267718.1075863331587.JavaMail.evans@thyme,pm
21267718.1075863331587.JavaMail.evans@thyme,to
21267718.1075863331587.JavaMail.evans@thyme,darrell
21267718.1075863331587.JavaMail.evans@thyme,schoolcraft
21267718.1075863331587.JavaMail.evans@thyme,et
21267718.1075863331587.JavaMail.evans@thyme,s
21267718.1075863331587.JavaMail.evans@thyme,enron
21267718.1075863331587.JavaMail.evans@thyme,enron
21267718.1075863331587.JavaMail.evans@thyme,cc
21267718.1075863331587.JavaMail.evans@thyme,danny
21267718.1075863331587.JavaMail.evans@thyme,mccarty
21267718.1075863331587.JavaMail.evans@thyme,et
21267718.1075863331587.JavaMail.evans@thyme,s
21267718.1075863331587.JavaMail.evans@thyme,enron
21267718.1075863331587.JavaMail.evans@thyme,enron
21267718.1075863331587.JavaMail.evans@thyme,steven
21267718.1075863331587.JavaMail.evans@thyme,harris
21267718.1075863331587.JavaMail.evans@thyme,et
21267718.1075863331587.JavaMail.evans@thyme,s
21267718.1075863331587.JavaMail.evans@thyme,enron
21267718.1075863331587.JavaMail.evans@thyme,enron
21267718.1075863331587.JavaMail.evans@thyme,kevin
21267718.1075863331587.JavaMail.evans@thyme,hyatt
21267718.1075863331587.JavaMail.evans@thyme,enron
21267718.1075863331587.JavaMail.evans@thyme,enronxgate
21267718.1075863331587.JavaMail.evans@thyme,subject
21267718.1075863331587.JavaMail.evans@thyme,tw
21267718.1075863331587.JavaMail.evans@thyme,gas
21267718.1075863331587.JavaMail.evans@thyme,sales
21267718.1075863331587.JavaMail.evans@thyme,privileged
21267718.1075863331587.JavaMail.evans@thyme,and
21267718.1075863331587.JavaMail.evans@thyme,confidential
21267718.1075863331587.JavaMail.evans@thyme,attorney
21267718.1075863331587.JavaMail.evans@thyme,client
21267718.1075863331587.JavaMail.evans@thyme,privilege
21267718.1075863331587.JavaMail.evans@thyme,in
21267718.1075863331587.JavaMail.evans@thyme,anticipation
21267718.1075863331587.JavaMail.evans@thyme,of
21267718.1075863331587.JavaMail.evans@thyme,potential
21267718.1075863331587.JavaMail.evans@thyme,litigation
21267718.1075863331587.JavaMail.evans@thyme,involving
21267718.1075863331587.JavaMail.evans@thyme,tw
21267718.1075863331587.JavaMail.evans@thyme,s
21267718.1075863331587.JavaMail.evans@thyme,operational
21267718.1075863331587.JavaMail.evans@thyme,activities
21267718.1075863331587.JavaMail.evans@thyme,please
21267718.1075863331587.JavaMail.evans@thyme,prepare
21267718.1075863331587.JavaMail.evans@thyme,an
21267718.1075863331587.JavaMail.evans@thyme,analysis
21267718.1075863331587.JavaMail.evans@thyme,for
21267718.1075863331587.JavaMail.evans@thyme,me
21267718.1075863331587.JavaMail.evans@thyme,of
21267718.1075863331587.JavaMail.evans@thyme,the
21267718.1075863331587.JavaMail.evans@thyme,reasons
21267718.1075863331587.JavaMail.evans@thyme,for
21267718.1075863331587.JavaMail.evans@thyme,tw
21267718.1075863331587.JavaMail.evans@thyme,s
21267718.1075863331587.JavaMail.evans@thyme,sale
21267718.1075863331587.JavaMail.evans@thyme,of
21267718.1075863331587.JavaMail.evans@thyme,excess
21267718.1075863331587.JavaMail.evans@thyme,natural
21267718.1075863331587.JavaMail.evans@thyme,gas
21267718.1075863331587.JavaMail.evans@thyme,at
21267718.1075863331587.JavaMail.evans@thyme,the
21267718.1075863331587.JavaMail.evans@thyme,california
21267718.1075863331587.JavaMail.evans@thyme,border
21267718.1075863331587.JavaMail.evans@thyme,i
21267718.1075863331587.JavaMail.evans@thyme,am
21267718.1075863331587.JavaMail.evans@thyme,aware
21267718.1075863331587.JavaMail.evans@thyme,of
21267718.1075863331587.JavaMail.evans@thyme,several
21267718.1075863331587.JavaMail.evans@thyme,of
21267718.1075863331587.JavaMail.evans@thyme,these
21267718.1075863331587.JavaMail.evans@thyme,sales
21267718.1075863331587.JavaMail.evans@thyme,and
21267718.1075863331587.JavaMail.evans@thyme,have
21267718.1075863331587.JavaMail.evans@thyme,been
21267718.1075863331587.JavaMail.evans@thyme,informed
21267718.1075863331587.JavaMail.evans@thyme,that
21267718.1075863331587.JavaMail.evans@thyme,excess
21267718.1075863331587.JavaMail.evans@thyme,pressure
21267718.1075863331587.JavaMail.evans@thyme,at
21267718.1075863331587.JavaMail.evans@thyme,the
21267718.1075863331587.JavaMail.evans@thyme,border
21267718.1075863331587.JavaMail.evans@thyme,is
21267718.1075863331587.JavaMail.evans@thyme,the
21267718.1075863331587.JavaMail.evans@thyme,basic
21267718.1075863331587.JavaMail.evans@thyme,reason
21267718.1075863331587.JavaMail.evans@thyme,for
21267718.1075863331587.JavaMail.evans@thyme,them
21267718.1075863331587.JavaMail.evans@thyme,i
21267718.1075863331587.JavaMail.evans@thyme,d
21267718.1075863331587.JavaMail.evans@thyme,like
21267718.1075863331587.JavaMail.evans@thyme,a
21267718.1075863331587.JavaMail.evans@thyme,more
21267718.1075863331587.JavaMail.evans@thyme,specific
21267718.1075863331587.JavaMail.evans@thyme,explanation
21267718.1075863331587.JavaMail.evans@thyme,that
21267718.1075863331587.JavaMail.evans@thyme,includes
21267718.1075863331587.JavaMail.evans@thyme,the
21267718.1075863331587.JavaMail.evans@thyme,following
21267718.1075863331587.JavaMail.evans@thyme,information
21267718.1075863331587.JavaMail.evans@thyme,what
21267718.1075863331587.JavaMail.evans@thyme,are
21267718.1075863331587.JavaMail.evans@thyme,the
21267718.1075863331587.JavaMail.evans@thyme,specific
21267718.1075863331587.JavaMail.evans@thyme,pressures
21267718.1075863331587.JavaMail.evans@thyme,and
21267718.1075863331587.JavaMail.evans@thyme,volume
21267718.1075863331587.JavaMail.evans@thyme,considerations
21267718.1075863331587.JavaMail.evans@thyme,that
21267718.1075863331587.JavaMail.evans@thyme,could
21267718.1075863331587.JavaMail.evans@thyme,make
21267718.1075863331587.JavaMail.evans@thyme,it
21267718.1075863331587.JavaMail.evans@thyme,operationally
21267718.1075863331587.JavaMail.evans@thyme,necessary
21267718.1075863331587.JavaMail.evans@thyme,to
21267718.1075863331587.JavaMail.evans@thyme,sell
21267718.1075863331587.JavaMail.evans@thyme,gas
21267718.1075863331587.JavaMail.evans@thyme,at
21267718.1075863331587.JavaMail.evans@thyme,the
21267718.1075863331587.JavaMail.evans@thyme,california
21267718.1075863331587.JavaMail.evans@thyme,border
21267718.1075863331587.JavaMail.evans@thyme,what
21267718.1075863331587.JavaMail.evans@thyme,is
21267718.1075863331587.JavaMail.evans@thyme,the
21267718.1075863331587.JavaMail.evans@thyme,process
21267718.1075863331587.JavaMail.evans@thyme,that
21267718.1075863331587.JavaMail.evans@thyme,is
21267718.1075863331587.JavaMail.evans@thyme,followed
21267718.1075863331587.JavaMail.evans@thyme,to
21267718.1075863331587.JavaMail.evans@thyme,make
21267718.1075863331587.JavaMail.evans@thyme,such
21267718.1075863331587.JavaMail.evans@thyme,a
21267718.1075863331587.JavaMail.evans@thyme,determination
21267718.1075863331587.JavaMail.evans@thyme,which
21267718.1075863331587.JavaMail.evans@thyme,individuals
21267718.1075863331587.JavaMail.evans@thyme,or
21267718.1075863331587.JavaMail.evans@thyme,groups
21267718.1075863331587.JavaMail.evans@thyme,are
21267718.1075863331587.JavaMail.evans@thyme,involved
21267718.1075863331587.JavaMail.evans@thyme,in
21267718.1075863331587.JavaMail.evans@thyme,determining
21267718.1075863331587.JavaMail.evans@thyme,whether
21267718.1075863331587.JavaMail.evans@thyme,an
21267718.1075863331587.JavaMail.evans@thyme,operational
21267718.1075863331587.JavaMail.evans@thyme,sale
21267718.1075863331587.JavaMail.evans@thyme,is
21267718.1075863331587.JavaMail.evans@thyme,necessary
21267718.1075863331587.JavaMail.evans@thyme,in
21267718.1075863331587.JavaMail.evans@thyme,what
21267718.1075863331587.JavaMail.evans@thyme,way
21267718.1075863331587.JavaMail.evans@thyme,have
21267718.1075863331587.JavaMail.evans@thyme,system
21267718.1075863331587.JavaMail.evans@thyme,operations
21267718.1075863331587.JavaMail.evans@thyme,changed
21267718.1075863331587.JavaMail.evans@thyme,since
21267718.1075863331587.JavaMail.evans@thyme,last
21267718.1075863331587.JavaMail.evans@thyme,year
21267718.1075863331587.JavaMail.evans@thyme,and
21267718.1075863331587.JavaMail.evans@thyme,how
21267718.1075863331587.JavaMail.evans@thyme,do
21267718.1075863331587.JavaMail.evans@thyme,those
21267718.1075863331587.JavaMail.evans@thyme,changes
21267718.1075863331587.JavaMail.evans@thyme,contribute
21267718.1075863331587.JavaMail.evans@thyme,to
21267718.1075863331587.JavaMail.evans@thyme,the
21267718.1075863331587.JavaMail.evans@thyme,increased
21267718.1075863331587.JavaMail.evans@thyme,frequency
21267718.1075863331587.JavaMail.evans@thyme,of
21267718.1075863331587.JavaMail.evans@thyme,such
21267718.1075863331587.JavaMail.evans@thyme,sales
21267718.1075863331587.JavaMail.evans@thyme,compared
21267718.1075863331587.JavaMail.evans@thyme,to
21267718.1075863331587.JavaMail.evans@thyme,previous
21267718.1075863331587.JavaMail.evans@thyme,years
21267718.1075863331587.JavaMail.evans@thyme,what
21267718.1075863331587.JavaMail.evans@thyme,alternatives
21267718.1075863331587.JavaMail.evans@thyme,to
21267718.1075863331587.JavaMail.evans@thyme,operational
21267718.1075863331587.JavaMail.evans@thyme,sales
21267718.1075863331587.JavaMail.evans@thyme,are
21267718.1075863331587.JavaMail.evans@thyme,considered
21267718.1075863331587.JavaMail.evans@thyme,before
21267718.1075863331587.JavaMail.evans@thyme,the
21267718.1075863331587.JavaMail.evans@thyme,decision
21267718.1075863331587.JavaMail.evans@thyme,to
21267718.1075863331587.JavaMail.evans@thyme,make
21267718.1075863331587.JavaMail.evans@thyme,a
21267718.1075863331587.JavaMail.evans@thyme,sale
21267718.1075863331587.JavaMail.evans@thyme,is
21267718.1075863331587.JavaMail.evans@thyme,reached
21267718.1075863331587.JavaMail.evans@thyme,thanks
21267718.1075863331587.JavaMail.evans@thyme,for
21267718.1075863331587.JavaMail.evans@thyme,your
21267718.1075863331587.JavaMail.evans@thyme,attention
21267718.1075863331587.JavaMail.evans@thyme,to
21267718.1075863331587.JavaMail.evans@thyme,this
21267718.1075863331587.JavaMail.evans@thyme,request
21267718.1075863331587.JavaMail.evans@thyme,please
21267718.1075863331587.JavaMail.evans@thyme,give
21267718.1075863331587.JavaMail.evans@thyme,me
21267718.1075863331587.JavaMail.evans@thyme,a
21267718.1075863331587.JavaMail.evans@thyme,call
21267718.1075863331587.JavaMail.evans@thyme,to
21267718.1075863331587.JavaMail.evans@thyme,discuss
21267718.1075863331587.JavaMail.evans@thyme,and
21267718.1075863331587.JavaMail.evans@thyme,please
21267718.1075863331587.JavaMail.evans@thyme,designate
21267718.1075863331587.JavaMail.evans@thyme,your
21267718.1075863331587.JavaMail.evans@thyme,response
21267718.1075863331587.JavaMail.evans@thyme,as
21267718.1075863331587.JavaMail.evans@thyme,privileged
21267718.1075863331587.JavaMail.evans@thyme,and
21267718.1075863331587.JavaMail.evans@thyme,confidential
21267718.1075863331587.JavaMail.evans@thyme,attorney
21267718.1075863331587.JavaMail.evans@thyme,client
21267718.1075863331587.JavaMail.evans@thyme,privileged
